,images,oxygen_rates,red,green,blue,pixel_intensity
0,image_10,10,228.73341666666667,251.6318611111111,254.40044444444445,734.7657222222223
1,image_15,15,172.88544444444443,216.06555555555556,222.13511111111112,611.0861111111111
2,image_20,20,115.52811111111112,153.82755555555556,171.67222222222222,441.0278888888889
3,image_25,25,63.08883333333333,100.95769444444444,109.57522222222222,273.62175
4,image_49,49,5.357277777777778,61.543638888888886,38.02375,104.92466666666667
5,image_76,76,40.01361111111111,171.22541666666666,128.81319444444443,340.0522222222222
6,image_99,99,59.642,202.36638888888888,163.8240277777778,425.83241666666663
